user_id,username,join_date,location,account_type,verified,followers_count
U0001,user_0,19/03/2021,,personal,TRUE,2961
U0002,user_1,1970-09-08,Foxmouth,personal,TRUE,831
U0003,user_2,1993-09-17,Lake Desireeland,personal,FALSE,4005
U0004,user_3,1996-07-28,Lake Mikeville,personal,TRUE,23064
U0005,user_4,2025-09-26,Port Michaelhaven,personal,TRUE,686
U0006,user_0,2015-02-03,Brandonmouth,personal,TRUE,686
U0007,user_1,2017-02-18,New Deborahberg,personal,TRUE,25807
U0008,user_2,2015-11-15,New Sandrafurt,personal,TRUE,5089
U0009,user_3,1990-10-05,West Philip,personal,FALSE,428
U0010,user_4,1999-03-02,Tuckerberg,personal,TRUE,3245
U0011,perezstephanie,2010-09-14,New Gregory,personal,TRUE,434
U0012,sara78,1986-08-09,Port Deanna,personal,TRUE,432
U0013,ygarcia,2023-04-02,West Lisa,personal,TRUE,1779
U0014,jonathanochoa,1973-04-30,Julietown,personal,TRUE,23
U0015,mgonzalez,1997-12-06,Kimberlyport,personal,TRUE,34
U0016,mark58,2015-01-20,East Caitlin,personal,TRUE,356
U0017,bgomez,2019-07-22,Archerside,personal,FALSE,144
U0018,christopher05,1982-10-11,West Amandachester,personal,TRUE,2055
U0019,nathanielburke,1993-01-08,Ryanfurt,personal,FALSE,178
U0020,ywalker,2005-11-30,Port Elizabethfurt,personal,FALSE,65
U0021,chad53,2000-09-21,Cummingsland,personal,TRUE,20564
U0022,thompsonbeverly,1978-05-03,Hartmouth,personal,TRUE,698
U0023,john24,2001-08-12,Lake Natalie,personal,FALSE,1255
U0024,daniel72,2016-04-30,Stewartmouth,personal,FALSE,63
U0025,regina95,2014-07-19,Hunterton,personal,FALSE,369
U0026,dennis41,2009-11-07 12:00:00,South Jasonport,personal,TRUE,1369
U0027,nicole86,1990-06-09,Port Michael,personal,TRUE,109
U0028,katietran,1995-07-31,Beasleystad,personal,FALSE,2324
U0029,cdavis,2024-06-10,Davisburgh,personal,TRUE,329
U0030,hugheskatherine,2018-02-08,Jamesberg,personal,TRUE,611
U0031,adammorgan,1985-10-13,NORTH REBECCAFORT,personal,FALSE,329
U0032,jennifermiller,2001-12-25,Cookside,personal,TRUE,44558
U0033,bwright,2000-06-14,South Jerry,personal,FALSE,1067
U0034,suarezemma,2021-10-20,Evansville,personal,FALSE,132
U0035,george43,1981-05-17,Rodriguezville,personal,FALSE,5682
U0036,sandrahernandez,2008-10-10,East Jennifer,personal,TRUE,95
U0037,hannajoseph,1997-07-19,West Richard,personal,FALSE,1665
U0038,cruzcrystal,1974-02-07,North Gabrielshire,personal,TRUE,21
U0039,tracyevans,2002-12-12,Paulachester,personal,FALSE,76
U0040,glorialong,1992-06-07,South Peterhaven,personal,TRUE,1625
U0041,thomaswhite,15/03/1974,New Henry,personal,FALSE,4802
U0042,rgonzalez,1994-06-13,East Matthew,personal,FALSE,1544
U0043,mary68,1971-04-07,Pamelaside,personal,TRUE,870
U0044,wrios,1994-09-30,Danielburgh,personal,TRUE,600
U0045,alan54,2019-09-02,Douglasside,personal,TRUE,56
U0046,andrew08,1988-10-09,Morganside,personal,TRUE,259
U0047,jeffersonjoanna,2001-06-05,North Gabrielview,personal,FALSE,436
U0048,bestsarah,1994-03-21,North Chad,personal,TRUE,9083
U0049,james33,2021-03-12,Lake Alexis,personal,TRUE,2180
U0050,ortizmary,1990-04-15,Aaronshire,personal,TRUE,32
U0051,bretthines,2004-06-06 12:00:00,,personal,FALSE,2096
U0052,lewisjaclyn,2011-04-11,North Melissa,personal,FALSE,507
U0053,ianwilson,2023-01-21,Whitefurt,personal,FALSE,283
U0054,landerson,1990-09-23,Lake Jeromeview,personal,FALSE,3726
U0055,mcgeeandrew,2003-11-20,Franciscobury,personal,TRUE,8621
U0056,stewartkelsey,2022-01-06,Morenoview,personal,FALSE,7062
U0057,brownbrian,1981-02-14,South Jonathan,personal,FALSE,204
U0058,fwebster,2002-04-29,North Alyssaview,personal,TRUE,590
U0059,xmarshall,1972-01-22,Brownport,personal,FALSE,2127
U0060,traceybarton,1997-12-04,Michellehaven,personal,TRUE,7716
U0061,uramos,2017-03-24,HERNANDEZBOROUGH,personal,TRUE,420
U0062,colebyrd,1994-01-07,West Joestad,personal,TRUE,756
U0063,fclay,1998-08-31,Port Shariton,personal,TRUE,119
U0064,horneamber,2017-09-07,Patrickside,personal,FALSE,100
U0065,igutierrez,1991-07-11,Johnsonhaven,personal,FALSE,5569
U0066,dboyle,2010-11-28,Dixonland,personal,FALSE,16522
U0067,mark89,1987-08-13,Brownview,personal,TRUE,949
U0068,xmurray,1987-12-21,Andersonmouth,personal,FALSE,8160
U0069,michael40,1981-09-27,Michellefurt,personal,TRUE,2260
U0070,bridgestiffany,2008-08-06,North Kimberlyfurt,personal,TRUE,301
U0071,olsonerica,2004-03-22,New Katherine,personal,TRUE,2259
U0072,pattersonmary,1973-11-04,Davisberg,personal,FALSE,23767
U0073,timothy89,2022-02-04,Leeburgh,personal,FALSE,1020
U0074,ashley96,1993-08-11,Thomasmouth,personal,FALSE,25066
U0075,eddiejones,2019-10-11,Erichaven,personal,TRUE,5
U0076,dawnmiller,2017-03-18 12:00:00,New Hayleyland,personal,TRUE,5674
U0077,rojaskelsey,1995-03-16,Thomaston,personal,FALSE,1305
U0078,pamela61,1993-02-26,North Tammy,personal,TRUE,603
U0079,ghoffman,1978-12-07,Lake Jamie,personal,FALSE,1317
U0080,angela31,1987-03-02,East Darren,personal,FALSE,20
U0081,fullerjennifer,12/11/2012,Johnsonfort,personal,FALSE,706
U0082,fletcherrachel,2015-02-17,South Jacobshire,personal,TRUE,2239
U0083,ekim,1994-10-11,South Tonyahaven,personal,FALSE,21073
U0084,watsonashley,1994-01-13,Barnesbury,personal,TRUE,388
U0085,marcscott,1973-05-15,Smithport,personal,TRUE,217
U0086,yhoffman,2013-10-01,North Molly,personal,FALSE,402
U0087,jordanchristopher,2015-02-09,Thomasfort,personal,FALSE,6841
U0088,spennington,1973-06-01,New Rachael,personal,FALSE,2116
U0089,wallaceapril,2011-05-19,Jenniferstad,personal,FALSE,380
U0090,erinclark,1991-11-07,Lydiabury,personal,TRUE,3061
U0091,psanchez,1984-10-03,MITCHELLBURGH,personal,TRUE,1331
U0092,scott39,2013-12-22,Sabrinamouth,personal,FALSE,7610
U0093,jameschavez,2012-07-08,New Patricia,personal,TRUE,269
U0094,alexandra47,2016-08-29,Kennethshire,personal,TRUE,569
U0095,boonejamie,2001-04-22,Rebeccaton,personal,TRUE,500
U0096,michaelchan,1986-05-21,Shanetown,personal,TRUE,58
U0097,jasongarrett,1980-09-05,Lake Rachel,personal,TRUE,1982
U0098,jennifermiller,2005-09-13,South Anthony,personal,FALSE,1848
U0099,andersonjames,1970-08-27,Josephtown,personal,TRUE,1107
U0100,ibrown,1971-12-13,Gonzalesborough,personal,FALSE,685
U0101,arnoldchristopher,1977-01-13 12:00:00,,personal,FALSE,64
U0102,justin44,1986-04-23,North Phillip,personal,FALSE,472
U0103,fwoodard,2009-11-02,New Elizabeth,personal,FALSE,552
U0104,icrosby,2006-07-23,Stephensontown,personal,TRUE,220
U0105,gallowaymicheal,1997-02-14,Lake Michelle,personal,TRUE,794
U0106,vanessasoto,2020-09-12,Lisaborough,personal,FALSE,2460
U0107,eric01,2018-02-02,Alyssafort,personal,FALSE,47684
U0108,icox,1979-03-08,Sandramouth,personal,TRUE,1554
U0109,kyle43,1988-06-08,Lindsayhaven,personal,FALSE,1835
U0110,miranda76,2025-12-03,New Tinafort,personal,FALSE,944
U0111,shepardjoseph,1972-06-23,Lake William,personal,TRUE,23
U0112,amberjohnson,2025-06-16,North Katherine,personal,FALSE,1039
U0113,munozlori,1986-01-13,Timothyton,personal,TRUE,1237
U0114,uwilson,2013-12-22,Scottland,personal,FALSE,151218
U0115,joshua04,1972-01-27,Joshuaborough,personal,TRUE,746
U0116,stephaniemartin,1983-07-13,Richardborough,personal,TRUE,2004
U0117,halvarez,2015-09-18,Lake Kayla,personal,FALSE,1023
U0118,nathanhatfield,2021-02-03,Edwardsmouth,personal,TRUE,105
U0119,jamesking,1993-09-23,Port Dale,personal,TRUE,10782
U0120,shane07,2010-12-03,Port Amychester,personal,FALSE,4933
U0121,ksmith,05/12/2019,WEST DALE,personal,TRUE,5335
U0122,lwright,2010-09-26,Lake Seantown,personal,TRUE,177
U0123,sarahcastro,1996-05-20,Jenniferfort,personal,FALSE,18134
U0124,mark98,1990-11-01,Sandyville,personal,FALSE,66
U0125,jevans,1988-06-10,North Andrew,personal,TRUE,3546
U0126,rebecca78,1998-09-10 12:00:00,Jessicachester,personal,TRUE,87632
U0127,juanlewis,1977-03-08,South Jeremyland,personal,FALSE,151
U0128,johnrosales,1993-06-10,Ramseychester,personal,FALSE,353
U0129,mary63,1994-03-19,Robbinsfurt,personal,TRUE,1338
U0130,brittanylawson,1987-06-21,New Deborah,personal,TRUE,400
U0131,carlsonkathryn,2023-07-10,Robinsonside,personal,TRUE,49
U0132,xellis,1994-03-22,East Desiree,personal,TRUE,1257
U0133,brandtanthony,1994-03-07,West Mary,personal,TRUE,131
U0134,nicolecurtis,1975-01-05,South Oscarton,personal,FALSE,2827
U0135,davidhernandez,2020-10-16,Bradyhaven,personal,TRUE,174
U0136,stokesjay,2025-06-29,Velezside,personal,TRUE,24339
U0137,lauranixon,1995-08-29,North Chelsea,personal,TRUE,228
U0138,hunteric,2009-09-30,West Keithberg,personal,FALSE,575
U0139,logan65,2023-01-29,Reedshire,personal,TRUE,5580
U0140,oliviaromero,2014-08-25,East Danny,personal,FALSE,93
U0141,joel80,1986-11-17,Rodriguezmouth,personal,FALSE,1728
U0142,johnsonjose,2018-07-25,Susanmouth,personal,TRUE,14977
U0143,mooregeorge,2007-03-13,Baileyshire,personal,TRUE,44
U0144,hparrish,1994-02-25,North James,personal,FALSE,1586
U0145,marcmarshall,1980-04-01,Bakerside,personal,FALSE,1844
U0146,bensonjohn,2011-09-08,East Nathan,personal,FALSE,5237
U0147,tcampbell,2018-07-12,West Karen,personal,FALSE,92
U0148,caleb25,2012-08-30,Grayport,personal,FALSE,78
U0149,prestonryan,1977-02-27,North Kerrychester,personal,TRUE,3114
U0150,wrightlarry,1984-06-08,Michelemouth,personal,TRUE,1986
U0151,ycooper,1970-04-20 12:00:00,,personal,TRUE,1809
U0152,ifaulkner,1978-01-25,Hardinton,personal,TRUE,2192
U0153,ucarney,2024-11-06,Port Charlesshire,personal,FALSE,281
U0154,jenniferyork,1996-08-28,Tarabury,personal,TRUE,1744
U0155,krystal84,2024-01-04,West Cindy,personal,TRUE,1970
U0156,jacob35,1992-03-11,Lake Leahview,personal,TRUE,262
U0157,justin85,1996-10-22,Nguyenville,personal,TRUE,45777
U0158,kmorris,2013-06-22,North Chelseaview,personal,TRUE,2828
U0159,daviskimberly,1973-07-08,Lake Johnfurt,personal,TRUE,101
U0160,janecastillo,1987-11-26,Kaylahaven,personal,TRUE,4076
U0161,sarah26,28/10/2021,Ayalaton,personal,TRUE,156
U0162,jessica90,1991-05-26,Laurashire,personal,TRUE,5293
U0163,joshuamunoz,1998-01-05,Whiteberg,personal,FALSE,11127
U0164,denise61,1995-09-27,Edwardstown,personal,TRUE,212
U0165,kurt12,1976-05-07,Hartfort,personal,TRUE,7530
U0166,stewartkelly,2003-07-24,Leeland,personal,FALSE,2503
U0167,fsparks,2010-06-26,Hillburgh,personal,FALSE,5676
U0168,angela25,1982-03-18,North Christinehaven,personal,TRUE,48707
U0169,ncrosby,1975-06-24,Christinashire,personal,TRUE,671
U0170,cjordan,1977-12-25,Rojashaven,personal,FALSE,242
U0171,feliciabarron,2022-03-22,Juliefort,personal,TRUE,185
U0172,whitneymason,1998-02-07,Paulland,personal,FALSE,214
U0173,jason35,1977-07-07,Carrollburgh,personal,FALSE,939
U0174,anna05,1975-08-30,Lake Dennis,personal,TRUE,2169
U0175,jimenezlori,2017-05-02,Lake Lisaville,personal,TRUE,1907
U0176,mary77,1970-11-20 12:00:00,East Joseph,personal,TRUE,5735
U0177,guzmanaustin,2017-10-20,South Steven,personal,FALSE,1125
U0178,tammy49,1993-06-02,Port Pamela,personal,FALSE,20071
U0179,donnalee,1972-04-28,Victoriaville,personal,FALSE,645
U0180,kaitlinwebb,1984-12-01,Danielton,personal,FALSE,252796
U0181,randrews,1992-08-05,MICHELLEPORT,personal,FALSE,3832
U0182,michelle00,1983-06-12,West Cynthia,personal,TRUE,197
U0183,wanderson,2022-12-06,Dicksonfurt,personal,TRUE,128
U0184,tammycollins,2003-06-15,New Michaelborough,personal,TRUE,2878
U0185,cartercassandra,1973-02-12,West Kathyview,personal,FALSE,701
U0186,chrissmith,1989-02-04,North Diana,personal,FALSE,4573
U0187,jenniferberry,2010-03-01,Burchborough,personal,TRUE,2825
U0188,barronchristopher,1986-08-11,Hayesberg,personal,TRUE,947
U0189,russellkatie,1984-09-12,Saraland,personal,TRUE,201
U0190,uharrington,2013-11-29,Smithfurt,personal,TRUE,53
U0191,princejohn,1973-10-28,Turnermouth,personal,FALSE,448
U0192,buckchristopher,2001-08-13,Christopherborough,personal,TRUE,6080
U0193,dawn21,2019-08-13,Gibsonmouth,personal,FALSE,1682
U0194,danrodgers,2003-10-09,Chentown,personal,TRUE,90
U0195,marcia36,2017-03-18,North Davidmouth,personal,FALSE,1550
U0196,gtorres,1996-04-25,Katieport,personal,FALSE,2369
U0197,ebarber,1980-08-23,Williamsstad,personal,TRUE,187
U0198,tyoung,1991-02-08,Collinsmouth,personal,TRUE,1491
U0199,crosbyjanet,1979-01-07,Port Ruben,personal,FALSE,1232
U0200,fred13,2000-11-04,Ricardoburgh,personal,TRUE,111
U0201,jessicasmith,14/10/1992,,personal,TRUE,2243
U0202,williamburch,2006-11-10,Sarahhaven,personal,TRUE,3366
U0203,ubaker,2006-03-01,East Jerryside,personal,TRUE,9567
U0204,dmassey,1995-09-20,South Jennaborough,personal,TRUE,9023
U0205,jamesbell,1997-03-30,East Cassandra,personal,TRUE,69
U0206,millerstacie,2008-02-01,South Joshua,personal,FALSE,168
U0207,tranmelissa,2016-05-20,Campbellmouth,personal,FALSE,3071
U0208,wilsonchristina,2012-07-24,North Sarahhaven,personal,FALSE,3064
U0209,jthompson,2005-06-07,Hayesburgh,personal,TRUE,3072
U0210,michaelmorgan,1982-12-01,South Jacobfort,personal,FALSE,1000000
U0211,jacobherman,1980-12-16,SOUTH TERRANCE,personal,TRUE,3435
U0212,bgalloway,1986-03-20,West Katherine,personal,TRUE,10626
U0213,stephen36,1995-04-04,Maryville,personal,FALSE,7390
U0214,antoniobowman,2013-03-17,East Michelle,personal,TRUE,4035
U0215,akaiser,1983-06-04,Martinezborough,personal,FALSE,583
U0216,gail91,1987-02-07,North Elizabethberg,personal,FALSE,5003
U0217,yknight,2025-07-28,Rodrigueztown,personal,FALSE,233
U0218,wadesamuel,2008-03-17,South Katrinaburgh,personal,FALSE,682
U0219,ubonilla,1982-03-26,Kellerland,personal,FALSE,415
U0220,nchang,1999-01-07,Sharpborough,personal,FALSE,1291
U0221,diana27,1995-09-15,Port Mitchellbury,personal,TRUE,112343
U0222,courtney81,1983-03-03,Tyronemouth,personal,TRUE,26
U0223,cyoung,2011-11-01,Port Elizabeth,personal,FALSE,4326
U0224,elizabethcollins,1989-05-11,Lake Jamesfurt,personal,TRUE,43
U0225,egonzalez,1992-12-21,Sarahshire,personal,TRUE,426
U0226,campbellkristine,2002-06-08 12:00:00,Hectorhaven,personal,TRUE,9680
U0227,ruthmaddox,2021-10-03,Morganton,personal,FALSE,1247
U0228,carolyn69,1975-06-18,Nunezbury,personal,TRUE,127
U0229,megan69,1990-07-22,Port Christopher,personal,TRUE,262
U0230,brittanyshah,1986-12-04,Oconnorton,personal,FALSE,4269
U0231,inorton,1987-01-15,Allenborough,personal,TRUE,254
U0232,matthewwright,1983-06-18,Vincentfurt,personal,TRUE,1690
U0233,cannonroberto,1974-03-21,South Caseyville,personal,TRUE,1201
U0234,lisa62,2023-04-05,Perezhaven,personal,TRUE,297
U0235,jenniferrobinson,1979-12-17,New Mark,personal,TRUE,79848
U0236,dana31,2025-06-04,Elizabethshire,personal,TRUE,3896
U0237,qvazquez,2008-07-20,West Lori,personal,TRUE,19
U0238,collinsronald,2000-10-02,Keithmouth,personal,FALSE,1592
U0239,jeremy13,2016-06-17,Ericland,personal,TRUE,291
U0240,jesseodom,2018-12-11,Roberttown,personal,TRUE,6032
U0241,patelmartha,15/09/2013,KENNETHSTAD,personal,TRUE,224
U0242,charles80,1978-08-22,East Kelly,personal,TRUE,871
U0243,bernardjeffrey,1982-06-11,Williamborough,personal,FALSE,3010
U0244,jamie10,1977-11-05,Alanfort,personal,FALSE,6195
U0245,kiddlisa,1992-06-01,Teresaville,personal,FALSE,99
U0246,ywells,1978-09-02,East Jamie,personal,TRUE,561
U0247,qmoore,2012-11-17,Terriview,personal,FALSE,424
U0248,nicolasrhodes,1978-07-20,Sheribury,personal,TRUE,296
U0249,jaredpearson,2000-08-12,Marksmouth,personal,FALSE,37455
U0250,elijah00,1995-07-21,Shanechester,personal,FALSE,2465
U0251,wilsonchristopher,2014-10-11 12:00:00,,personal,TRUE,88
U0252,matthew29,1983-02-16,South Patriciatown,personal,FALSE,6875
U0253,dianefisher,1995-03-01,Lake Cassandrahaven,personal,FALSE,76443
U0254,sergiobrown,2017-12-07,South Denisefurt,personal,FALSE,8646
U0255,susanperkins,2015-06-18,Dwayneton,personal,TRUE,52
U0256,claytonjames,1980-02-19,West Jennamouth,personal,TRUE,416
U0257,scottandrews,2014-08-06,Fuentesville,personal,FALSE,13819
U0258,clarkejane,1972-01-01,Barrettstad,personal,TRUE,266
U0259,natalie76,2002-10-27,East Grant,personal,TRUE,2664
U0260,tburton,1973-02-03,South Sallyfort,personal,TRUE,5162
U0261,tiffany63,2014-03-04,Port Jeannefurt,personal,FALSE,171
U0262,heathervaughn,2001-11-18,Schultzborough,personal,TRUE,973
U0263,nancyharris,2016-10-07,Grosston,personal,FALSE,1
U0264,garymatthews,2023-01-22,Christophermouth,personal,TRUE,141
U0265,hnguyen,2004-03-01,Robertberg,personal,TRUE,661
U0266,sthomas,1973-11-01,New Lucas,personal,FALSE,90
U0267,jose75,1975-09-27,Lake Edwardview,personal,FALSE,28704
U0268,cmendez,2002-10-26,Richardside,personal,TRUE,62
U0269,ohawkins,1986-11-08,Port Bruceshire,personal,FALSE,454
U0270,mary02,1998-07-10,Josephview,personal,FALSE,1424
U0271,tyork,1997-03-20,MALDONADOFURT,personal,TRUE,19585
U0272,mccarthydestiny,2019-03-06,Robinsonburgh,personal,FALSE,62
U0273,catherine36,2013-05-04,Weavermouth,personal,TRUE,11229
U0274,udavis,1998-07-16,North Christopherburgh,personal,TRUE,1119
U0275,xwilson,1973-09-18,Patriciamouth,personal,FALSE,154
U0276,zhangjacqueline,1995-07-23 12:00:00,Campbellport,personal,TRUE,2763
U0277,richjessica,1972-08-02,Delacruzville,personal,TRUE,1632
U0278,amandaromero,2020-02-14,New Michaelfort,personal,TRUE,330
U0279,karl94,2007-11-09,Pattersonfurt,personal,FALSE,1260
U0280,andersoncorey,2013-10-04,Port Stacey,personal,FALSE,507
U0281,littledavid,12/03/1995,West Jimmy,personal,TRUE,1376
U0282,antoniojohnson,1978-10-28,West Michael,personal,FALSE,4122
U0283,stewartmichael,2008-07-06,New Susanbury,personal,TRUE,26161
U0284,alexbutler,1996-04-06,West James,personal,FALSE,92
U0285,johnavila,1996-04-03,Livingstonfort,personal,FALSE,78125
U0286,jacksoneric,2004-07-09,Andreahaven,personal,FALSE,22
U0287,lhall,2017-09-12,Jacobstad,personal,TRUE,809
U0288,kcampbell,1992-09-10,Leslieburgh,personal,TRUE,3556
U0289,debra18,1991-07-04,Acostaside,personal,FALSE,1923
U0290,joseph18,1985-02-05,Peterview,personal,FALSE,315
U0291,morganleslie,1982-07-10,Ashleystad,personal,TRUE,723
U0292,bakerteresa,1976-02-28,North Tammyview,personal,TRUE,409
U0293,wendy79,2022-09-27,Elizabethstad,personal,FALSE,337
U0294,patrickbecker,2023-05-07,Grayborough,personal,TRUE,5998
U0295,agill,2021-08-01,Zacharyside,personal,FALSE,2239
U0296,abbottnancy,1980-08-27,Christopherchester,personal,TRUE,274
U0297,tara87,1999-05-24,Lake Victor,personal,FALSE,6628
U0298,rebeccamurphy,2005-02-06,Davisview,personal,FALSE,2027
U0299,marissa83,2005-03-26,Lopezburgh,personal,TRUE,5573
U0300,jpayne,2006-11-05,Harrisonland,personal,TRUE,3863
U0301,charles35,1971-05-14 12:00:00,,personal,TRUE,208
U0302,heather33,2013-02-04,New Jenniferside,personal,TRUE,357
U0303,collinsryan,1982-08-14,Clementsburgh,personal,TRUE,4888
U0304,simmonsmichelle,1984-01-15,Lake Beverlyside,personal,FALSE,3717
U0305,jordanmercado,2010-04-14,Troymouth,personal,TRUE,1051
U0306,macdonaldjerry,1990-04-21,East Sethview,personal,FALSE,1386
U0307,mpennington,1979-11-17,North Anthony,personal,TRUE,14119
U0308,lanedaniel,2000-10-16,North Virginiaton,personal,TRUE,335
U0309,bonnieibarra,1996-09-12,Sarahmouth,personal,FALSE,3275
U0310,brandilopez,1995-02-04,East Gina,personal,FALSE,731
U0311,heather38,2005-08-30,South Cathyburgh,personal,TRUE,709
U0312,pcraig,2002-05-15,Lake Richardfort,personal,FALSE,9872
U0313,kdonovan,2024-09-18,Jessefort,personal,TRUE,5714
U0314,mary74,1987-10-17,South Andrewville,personal,TRUE,5580
U0315,ubarnes,2009-06-02,South Heatherport,personal,TRUE,14927
U0316,moralesroger,2019-07-05,North Thomas,personal,FALSE,1143
U0317,jennifer00,1977-11-22,Lawsontown,personal,FALSE,4289
U0318,barbara12,1981-07-23,Smithmouth,personal,TRUE,589
U0319,edwardsnicole,2010-10-09,North Jonathan,personal,TRUE,2097
U0320,slopez,2005-02-27,New Gene,personal,TRUE,845
U0321,thomasmartin,25/12/2006,Kennethstad,personal,TRUE,1331
U0322,maureenlevy,2022-11-22,Port Lauren,personal,FALSE,3605
U0323,elizabethrodriguez,1988-01-24,Jasmineville,personal,TRUE,213
U0324,dan78,2016-02-01,Jefferymouth,personal,TRUE,72025
U0325,mariabrown,2014-08-07,Owenville,personal,FALSE,146
U0326,ijordan,2015-11-20 12:00:00,West Dawnchester,personal,FALSE,96
U0327,rebekahcraig,2001-08-19,Susanville,personal,TRUE,11116
U0328,grice,1980-03-14,Lake Rebecca,personal,FALSE,5341
U0329,susan38,1999-06-16,East Michaelfurt,personal,TRUE,3820
U0330,elizabethwallace,1991-07-31,South Jenniferfurt,personal,TRUE,3853
U0331,jasonchapman,2005-03-19,PRINCEPORT,personal,FALSE,1070
U0332,jefferymiller,1992-12-10,New Amanda,personal,TRUE,182
U0333,adam18,2018-01-27,Sarafurt,personal,FALSE,1276
U0334,lynn33,2024-05-13,Lake Robertshire,personal,TRUE,283
U0335,jasonmacdonald,1977-11-16,Port Vanessa,personal,TRUE,7709
U0336,ianbecker,1992-06-30,New Caitlynburgh,personal,FALSE,817
U0337,bakerjennifer,2012-07-25,Stevenbury,personal,FALSE,210
U0338,adavenport,1979-09-25,Leebury,personal,FALSE,576
U0339,linda61,2002-03-10,Hollandstad,personal,TRUE,2504
U0340,omedina,1972-12-27,South Tammy,personal,TRUE,355
U0341,danahall,2015-12-21,New Nancytown,personal,TRUE,211
U0342,dmiller,2018-07-02,Port Johnchester,personal,TRUE,1785
U0343,tgarcia,1988-09-17,Penashire,personal,FALSE,1789
U0344,kellysmith,2015-03-23,South Garrett,personal,FALSE,397
U0345,abigailmartin,1975-09-21,Markburgh,personal,FALSE,427
U0346,lsmith,2013-01-24,Pinedaberg,personal,TRUE,1744
U0347,david86,1994-02-18,Port Williamland,personal,FALSE,60
U0348,wcameron,1994-06-11,South Daniel,personal,FALSE,65
U0349,ztaylor,2021-10-11,Thomaschester,personal,FALSE,260
U0350,jenningsdonald,2007-10-12,Port Johnview,personal,FALSE,715
U0351,nguyenjason,2004-06-28 12:00:00,,personal,TRUE,2042
U0352,mark01,1977-11-03,Mariofurt,personal,TRUE,20967
U0353,donnaphillips,1984-02-17,South Andrewberg,personal,FALSE,6095
U0354,davidberg,2002-06-26,East Annburgh,personal,TRUE,796
U0355,craigthompson,2000-03-17,Millershire,personal,FALSE,1055
U0356,timothy27,1973-04-29,North Ryanborough,personal,TRUE,147
U0357,josephwalters,1976-07-03,Meltonchester,personal,TRUE,1056
U0358,tfrazier,2000-08-31,North Laura,personal,FALSE,615
U0359,xcharles,2016-01-17,Hogantown,personal,FALSE,2091
U0360,hernandezbrandon,2019-08-12,Murrayside,personal,FALSE,209
U0361,jessica41,15/12/1973,SOUTH LEAHPORT,personal,FALSE,3098
U0362,michael18,1987-08-30,New Lisafurt,personal,TRUE,23516
U0363,amanda55,1999-01-15,New Valerie,personal,FALSE,882
U0364,jason53,2001-07-07,North Jodyburgh,personal,TRUE,2448
U0365,xrodriguez,2025-03-24,New Brianna,personal,FALSE,4360
U0366,eddie20,2021-07-11,Rodriguezport,personal,TRUE,491
U0367,ataylor,2016-05-23,Campbellstad,personal,FALSE,1716
U0368,greernathaniel,2003-02-02,South Donald,personal,TRUE,1124
U0369,fsoto,2002-11-06,Murphyfort,personal,TRUE,1333
U0370,devoncastillo,1989-04-27,West Angelastad,personal,FALSE,233
U0371,jenniferwells,1975-09-16,North Amyfurt,personal,FALSE,1151
U0372,millerjonathan,1976-02-06,Petersbury,personal,TRUE,2969
U0373,ybarnes,2017-02-17,West Michaelfort,personal,FALSE,19976
U0374,kiddkeith,2010-04-27,Lake Jessicahaven,personal,FALSE,7469
U0375,deborahanderson,1997-05-16,Hernandezburgh,personal,TRUE,81337
U0376,kathleen24,2009-04-22 12:00:00,West Melissa,personal,FALSE,236
U0377,victoria36,1987-08-02,Thomasside,personal,FALSE,6276
U0378,nklein,2004-11-05,Port Paigechester,personal,FALSE,1582
U0379,bsanchez,1970-08-19,Tiffanyport,personal,FALSE,87518
U0380,dawsongarrett,1980-12-18,Phillipmouth,personal,FALSE,217
U0381,danny40,1985-04-26,Darinfort,personal,FALSE,204
U0382,phamsara,1995-12-07,Daletown,personal,TRUE,330
U0383,michaelsanchez,1981-10-24,Juliefort,personal,TRUE,15
U0384,williamstrickland,1972-07-24,East Elizabethfort,personal,FALSE,383
U0385,allisontheresa,2016-08-16,New Timothystad,personal,FALSE,240
U0386,angelatate,2007-03-17,Nathanborough,personal,TRUE,1481
U0387,ghuffman,2019-03-06,Amandabury,personal,FALSE,2172
U0388,floresmichael,1986-07-08,Gregoryburgh,personal,FALSE,46739
U0389,lisacooper,2020-10-15,Dianeville,personal,TRUE,7338
U0390,gary59,1972-01-08,Alexandraport,personal,FALSE,345
U0391,shawn21,1986-11-13,EAST JOSE,personal,FALSE,181
U0392,jennifer71,1976-04-02,Suttonport,personal,TRUE,2933
U0393,aholmes,1981-01-07,Cuevasmouth,personal,FALSE,78
U0394,munozstephanie,1970-07-14,East Stacyport,personal,FALSE,42741
U0395,zcook,2023-11-12,Port Craig,personal,FALSE,11601
U0396,ygaines,1989-10-24,Collinshaven,personal,FALSE,429
U0397,barkerdaniel,1989-03-28,New Alexandramouth,personal,FALSE,35
U0398,jodisanchez,2006-04-13,Cohenberg,personal,TRUE,16444
U0399,james17,2009-08-16,Kathrynberg,personal,FALSE,872
U0400,brownnicholas,1977-11-17,Melanieland,personal,TRUE,13038
U0401,wanderson,16/07/1979,,personal,TRUE,45
U0402,luis07,2002-04-06,Mooreton,personal,FALSE,330
U0403,millerbreanna,2012-04-15,East Eugenefurt,personal,FALSE,1108
U0404,daniel85,2015-12-29,Walkerborough,personal,TRUE,1204
U0405,dawn35,1980-06-21,Martinbury,personal,TRUE,445
U0406,jmiller,1988-11-16,Franklinville,personal,FALSE,3811
U0407,zvazquez,2018-10-19,South Crystalmouth,personal,TRUE,129
U0408,connie12,1971-12-03,New Loriton,personal,TRUE,824
U0409,andersonjustin,1986-02-10,Harperside,personal,TRUE,1394
U0410,davidmartinez,1977-01-27,Christopherport,personal,TRUE,3068
U0411,michellediaz,1988-01-18,Port Shaun,personal,TRUE,4551
U0412,kenneth57,1990-06-18,New Andrewmouth,personal,TRUE,115
U0413,crystal25,2008-07-29,Valerieport,personal,FALSE,50
U0414,rgibson,1988-05-19,Tarastad,personal,TRUE,14120
U0415,aaron99,2014-08-28,Maxmouth,personal,FALSE,2131
U0416,wendymorris,1986-10-08,Lake Lori,personal,FALSE,245
U0417,smassey,2008-02-22,North Carlabury,personal,TRUE,24399
U0418,lindsey73,1973-11-18,Port Lauren,personal,FALSE,1382
U0419,townsendguy,1991-02-14,Nathanville,personal,FALSE,11598
U0420,zkidd,2019-03-01,West Frances,personal,FALSE,1255
U0421,davidcurtis,2017-04-05,SANCHEZTON,personal,TRUE,67608
U0422,hollandtaylor,1974-03-19,Porterview,personal,TRUE,36705
U0423,normamiller,1976-06-05,Claytonbury,personal,TRUE,666
U0424,michaelcrawford,1993-01-03,East Scottberg,personal,TRUE,7655
U0425,kimberly88,2007-01-07,Lake Vickitown,personal,FALSE,3986
U0426,scott78,1970-08-20 12:00:00,Lake Mariabury,personal,TRUE,16937
U0427,summer28,2022-02-15,South Ricky,personal,TRUE,159
U0428,susan90,1978-01-25,Nicoleborough,personal,FALSE,4324
U0429,projas,1990-12-09,East Nathan,personal,TRUE,9107
U0430,jasonsmith,1987-06-26,Clinemouth,personal,TRUE,32
U0431,stevensalex,2010-10-28,North Emilyville,personal,TRUE,102
U0432,mpatel,1987-01-06,New Melanie,personal,FALSE,18
U0433,johnvargas,2010-04-08,West Kristen,personal,TRUE,639
U0434,sarah22,1989-02-07,Riosberg,personal,FALSE,4605
U0435,susan76,1993-04-02,West Anthony,personal,FALSE,22130
U0436,felicia54,2012-08-20,Lake Mark,personal,FALSE,1271
U0437,changmary,2006-10-05,West Christinaton,personal,FALSE,28487
U0438,jessicasanders,1986-06-17,West Jose,personal,FALSE,69
U0439,jameschan,1972-10-19,Petermouth,personal,TRUE,36
U0440,johnsonkara,2012-02-07,Sullivanborough,personal,FALSE,981
U0441,eric15,21/02/2021,North Brookeberg,personal,FALSE,2364
U0442,austinramos,1992-08-22,East Timothy,personal,FALSE,1027
U0443,william69,1992-03-03,North Justinview,personal,TRUE,17
U0444,sandersbryan,2004-10-28,North Cheryl,personal,FALSE,917
U0445,kellybetty,2004-03-08,Blairmouth,personal,FALSE,80
U0446,zhernandez,1998-01-22,South Sarashire,personal,TRUE,4185
U0447,matthew86,1988-05-10,Brownfort,personal,FALSE,2282
U0448,sheriwilkinson,1975-08-17,Port Jerrystad,personal,FALSE,167
U0449,johnstondiane,2004-03-05,East Jenna,personal,TRUE,392
U0450,riveramichelle,1976-09-21,Austinfurt,personal,FALSE,131
U0451,pedrotorres,1996-01-05 12:00:00,,personal,TRUE,967
U0452,edwin58,2008-05-31,Andrewville,personal,FALSE,7407
U0453,wangdaniel,1972-11-04,Ellisbury,personal,FALSE,152
U0454,judycantu,2000-09-22,Goodmanchester,personal,FALSE,3005
U0455,kroberts,1978-01-19,Williamsfurt,personal,TRUE,379
U0456,gwebb,2016-09-20,Port Spencer,personal,TRUE,224
U0457,wardbriana,2003-09-03,Jacobton,personal,TRUE,885
U0458,mwall,2006-12-08,North Kevin,personal,TRUE,138
U0459,zkelly,2019-04-19,North Michaelaberg,personal,FALSE,362
U0460,lreed,2000-02-02,Smithmouth,personal,TRUE,99
U0461,davila,2008-09-14,Woodport,personal,TRUE,55795
U0462,kevinlopez,1991-07-22,North Lindsaymouth,personal,TRUE,1176
U0463,vickihahn,1973-05-01,New Maryton,personal,FALSE,270
U0464,tony26,1978-05-05,Bishopborough,personal,FALSE,1682
U0465,rhonda29,2000-11-08,Mclaughlinport,personal,FALSE,875
U0466,preynolds,2000-02-19,New Christopherberg,personal,FALSE,704
U0467,benjamin41,1981-08-29,Wilkinsonchester,personal,FALSE,3745
U0468,brandybrooks,2008-12-12,Cainborough,personal,TRUE,4989
U0469,zachary31,2013-02-11,East Nicolefurt,personal,TRUE,379
U0470,dgarcia,1989-06-11,Rodriguezside,personal,FALSE,346
U0471,ukelly,2000-09-03,Lisaside,personal,FALSE,632
U0472,stephensolis,2003-10-05,Michellebury,personal,TRUE,10
U0473,cobbteresa,1980-10-02,Williamland,personal,FALSE,52
U0474,johnny16,1997-08-02,Seanmouth,personal,FALSE,16877
U0475,jenniferfrazier,1972-10-08,Omarfort,personal,TRUE,29434
U0476,dorothywright,2023-03-27 12:00:00,Fisherport,personal,FALSE,666
U0477,lisagalloway,2007-10-15,Lake Louisville,personal,FALSE,3474
U0478,matthew60,2015-11-08,Russoville,personal,FALSE,2043
U0479,larry20,1977-04-04,Logantown,personal,FALSE,518016
U0480,franklinwilliamson,2007-09-06,Teresafurt,personal,TRUE,10292
U0481,kreyes,16/01/2012,SOUTH FERNANDOCHESTER,personal,FALSE,849
U0482,reyesjohn,1974-05-25,Madisonburgh,personal,TRUE,162
U0483,burgessrebecca,2013-09-05,New Ginatown,personal,FALSE,44
U0484,kbrown,1997-04-25,Maynardfort,personal,FALSE,1647
U0485,duncanjeremy,1993-12-16,North Michaelport,personal,FALSE,241
U0486,williamsdiana,1980-01-08,Mitchellhaven,personal,TRUE,63
U0487,ztodd,1985-08-19,Martinview,personal,FALSE,300
U0488,gwebb,2025-03-14,Bergerstad,personal,FALSE,126
U0489,ian97,1976-06-04,South Katelyn,personal,FALSE,32025
U0490,david22,2013-04-30,South Chelseashire,personal,TRUE,6395
U0491,johnroberson,2015-05-05,Josephport,personal,FALSE,1079
U0492,frostamber,1973-04-04,Christopherport,personal,TRUE,21160
U0493,renee19,1982-09-08,Robertfort,personal,TRUE,1280
U0494,kbarr,2015-12-06,Jonesstad,personal,FALSE,195
U0495,veronica95,1973-02-01,West Kaitlin,personal,TRUE,23069
U0496,mccallmaureen,2022-02-08,Brownfurt,personal,TRUE,3222
U0497,ylowery,1988-05-19,South Kylefurt,personal,FALSE,137
U0498,annajimenez,1972-12-02,Joelburgh,personal,TRUE,749
U0499,graystephanie,1972-07-17,Dalemouth,personal,FALSE,190
U0500,wbrown,1982-12-03,West Lisahaven,personal,TRUE,69
U0501,wbell,1984-05-20 12:00:00,,personal,TRUE,6990
U0502,christina64,2024-10-15,Lake Vincentland,personal,FALSE,49952
U0503,justinbrown,2005-05-02,West Shirleyville,personal,FALSE,66
U0504,zblackburn,2022-03-06,Lake Daniel,personal,FALSE,3381
U0505,dcolon,1987-09-04,West Rebeccaville,personal,TRUE,298
U0506,jonessheila,1994-05-04,North Tracy,personal,FALSE,413
U0507,hallandrew,2002-09-24,New Anthonyview,personal,FALSE,335
U0508,kelli52,2004-03-06,Garzaton,personal,FALSE,194
U0509,jennifer35,2024-08-24,Sheilaside,personal,FALSE,1208
U0510,jasonbaker,1997-05-24,West Jenniferberg,personal,FALSE,208
U0511,anthony43,2023-08-15,JOHNSONTON,personal,FALSE,1883
U0512,carterheather,1983-09-30,Lake Angelachester,personal,FALSE,991
U0513,millerjoseph,2022-05-14,New Noahmouth,personal,TRUE,680
U0514,robertlopez,1997-02-17,East Robertburgh,personal,FALSE,178
U0515,gillespiecrystal,1981-05-08,Courtneyshire,personal,TRUE,346
U0516,powellkelli,1995-04-13,Lake Chelseachester,personal,TRUE,4968
U0517,farmerdonald,2022-11-25,Cortezland,personal,FALSE,2986
U0518,shortandrew,1980-06-13,South Amy,personal,TRUE,155
U0519,tsmith,1991-02-07,Nicolestad,personal,TRUE,1337
U0520,operry,1973-08-20,West Nicholasburgh,personal,TRUE,4928
U0521,xharris,24/12/2005,East Heidichester,personal,TRUE,38
U0522,fcastro,1985-09-25,Timothystad,personal,TRUE,3251
U0523,leelinda,2023-03-03,Port Cassandra,personal,TRUE,291
U0524,ericward,2003-05-08,Port Anna,personal,TRUE,3433
U0525,gwebb,1992-11-18,East Robertland,personal,TRUE,238
U0526,ngonzalez,1996-01-26 12:00:00,Michaelabury,personal,TRUE,29
U0527,brandall,1988-10-31,Lake Kevinborough,personal,TRUE,42
U0528,alexandramartin,1970-08-07,Brownfort,personal,FALSE,1207
U0529,toddchelsey,1989-09-02,Douglasberg,personal,TRUE,1843
U0530,jhenry,1987-12-25,Hughesborough,personal,TRUE,179
U0531,rachelpace,1994-10-29,Calhounland,personal,FALSE,3933
U0532,spearscaitlin,1996-09-06,Thomasmouth,personal,FALSE,39
U0533,kingleon,1987-12-12,West Hayden,personal,FALSE,960
U0534,keithramirez,1977-02-20,Phillipland,personal,TRUE,97
U0535,justin65,2019-08-19,New David,personal,TRUE,297
U0536,brianshelton,1998-09-02,West Lisa,personal,TRUE,1205
U0537,hansenmichael,1973-08-27,Karenchester,personal,FALSE,196
U0538,ccisneros,1981-08-25,Maryfort,personal,TRUE,508
U0539,lauracampbell,1995-09-21,West Isaac,personal,TRUE,8205
U0540,bryanwilson,1979-01-05,Brianstad,personal,FALSE,345
U0541,charlessmith,2014-03-14,PORT KEVIN,personal,FALSE,5833
U0542,creyes,1995-08-09,West Harrymouth,personal,FALSE,114
U0543,josephfreeman,1971-02-12,Brianburgh,personal,TRUE,3164
U0544,nicholas21,1982-05-11,New Caroline,personal,TRUE,19597
U0545,jesse65,2000-09-26,Tanyafort,personal,TRUE,7
U0546,bookermadison,1982-06-05,South Ronald,personal,TRUE,222
U0547,steven68,2015-05-26,Evanstown,personal,FALSE,3477
U0548,bonnie49,1992-01-11,East Oliviaborough,personal,TRUE,730
U0549,alex89,2022-06-02,Acostaview,personal,TRUE,2303
U0550,weissian,1990-09-05,West Laurenfurt,personal,FALSE,327
U0551,jwagner,2016-08-08 12:00:00,,personal,FALSE,1303
U0552,troyclayton,1982-06-29,Sarachester,personal,FALSE,803
U0553,michael90,1989-08-24,Port Garrettton,personal,TRUE,11334
U0554,mharvey,2006-08-15,Jasonfort,personal,FALSE,1824
U0555,ricardokennedy,2018-01-08,Whiteburgh,personal,TRUE,2154
U0556,haileycarr,2024-01-27,East Johnland,personal,FALSE,481
U0557,suzanne36,2013-02-24,Port Joseph,personal,FALSE,413
U0558,campbellandrea,1974-10-20,Duffyborough,personal,TRUE,461
U0559,troyavila,1993-12-15,North Morganmouth,personal,FALSE,2413
U0560,kevinanderson,2006-02-22,Jeffreychester,personal,FALSE,472
U0561,graveskristi,29/06/2013,North Madelinefurt,personal,FALSE,1957
U0562,jeremy10,1985-08-28,Lake Tyler,personal,TRUE,69619
U0563,jeffreykirby,1988-11-08,North William,personal,FALSE,6261
U0564,collin73,1984-07-01,Amandatown,personal,TRUE,571
U0565,jbailey,1972-09-20,Christopherbury,personal,FALSE,12117
U0566,johnsonalice,2021-02-21,Travisport,personal,FALSE,484
U0567,joseph04,1985-06-20,Laceymouth,personal,FALSE,18
U0568,reynoldsstephanie,2024-03-17,North Stuartstad,personal,FALSE,146
U0569,hooverpatrick,1991-01-21,South Justin,personal,FALSE,26
U0570,kristahill,2016-07-15,West Mikemouth,personal,FALSE,542
U0571,jgutierrez,1980-10-30,MILLERHAVEN,personal,TRUE,1137
U0572,lperez,2013-10-30,Barbaratown,personal,TRUE,31347
U0573,qwallace,2018-08-14,New David,personal,FALSE,2108
U0574,emily77,1982-06-09,South Williamstad,personal,FALSE,707
U0575,cynthia26,2005-10-28,New Edward,personal,TRUE,5760
U0576,jane46,2009-10-26 12:00:00,South Janice,personal,FALSE,13
U0577,shortrachel,1982-12-11,Savageside,personal,FALSE,1756
U0578,mark55,2017-09-08,Jonesborough,personal,FALSE,5124
U0579,sharon24,1990-07-16,Davidhaven,personal,TRUE,56
U0580,knightsamantha,2002-01-04,Lake Teresa,personal,FALSE,10802
U0581,jonathansimmons,2025-03-09,North Jodyville,personal,FALSE,2158
U0582,jessica14,1980-01-04,Port Kelly,personal,TRUE,477
U0583,deborahdaniels,1988-08-03,Thomasland,personal,FALSE,3887
U0584,fbennett,1996-11-11,Mcdanielmouth,personal,TRUE,102886
U0585,corey13,1990-03-30,Christinaville,personal,FALSE,1577
U0586,james10,1984-11-04,Lake Nichole,personal,FALSE,1801
U0587,lindsey48,2021-04-30,East Bethstad,personal,FALSE,437
U0588,aarongarza,2014-02-21,Lake Gary,personal,FALSE,200
U0589,dana22,1992-01-12,Veronicaside,personal,FALSE,5771
U0590,jesus32,1993-03-14,Mclaughlinland,personal,TRUE,197
U0591,carolinerobinson,2025-05-08,Port Ianfurt,personal,TRUE,1265
U0592,nancy78,1979-06-19,Arianastad,personal,TRUE,421
U0593,johnlewis,2003-08-22,East Jamesstad,personal,TRUE,2858
U0594,nicholasmerritt,1970-09-16,Port Donnatown,personal,FALSE,2137
U0595,cwheeler,2020-07-28,Alexborough,personal,FALSE,8734
U0596,clarkandrew,1998-12-18,Gardnerstad,personal,TRUE,395
U0597,ulam,1981-07-15,Lake Johnview,personal,FALSE,639
U0598,rsnyder,1971-12-26,Davidshire,personal,FALSE,154
U0599,figueroasandra,2006-11-13,North Thomas,personal,FALSE,450
U0600,terryford,2002-06-20,Scottberg,personal,TRUE,2332
U0601,wjohnson,12/01/1996,,personal,TRUE,4983
U0602,daniel73,1985-09-11,New Travis,personal,FALSE,173
U0603,ashleysnyder,1985-08-31,Shawton,personal,TRUE,6242
U0604,susan57,2004-01-15,North Angela,personal,FALSE,16502
U0605,jscott,2004-10-15,Lake Patriciastad,personal,TRUE,2507
U0606,princewesley,1988-11-10,North Jessicatown,personal,FALSE,46797
U0607,perrylaura,2000-09-10,East Melissa,personal,FALSE,233
U0608,scottsmith,1976-03-03,New Patriciastad,personal,FALSE,90
U0609,josephthomas,1996-04-19,West Jacqueline,personal,FALSE,31
U0610,richard26,1988-07-27,Guzmanberg,personal,FALSE,21852
U0611,lucasrebecca,2007-05-15,Juanstad,personal,FALSE,4059
U0612,omoore,2023-02-01,New William,personal,FALSE,981
U0613,derrick88,2014-10-28,Beardside,personal,FALSE,1919
U0614,tracylawson,1977-12-27,South Andrewberg,personal,FALSE,115
U0615,lvillarreal,1982-01-28,Bradyborough,personal,FALSE,146020
U0616,vickiehenson,1980-07-13,Crossside,personal,FALSE,1420
U0617,batesjennifer,2019-02-12,South Carol,personal,TRUE,1364
U0618,beckyboyle,2017-10-04,Port Melissaberg,personal,TRUE,4682
U0619,jessicamyers,2008-01-16,Deanmouth,personal,TRUE,2869
U0620,curtispeter,1976-08-28,West Vanessaport,personal,FALSE,1716
U0621,whitedonald,1981-12-11,Samuelfurt,personal,TRUE,225
U0622,randymiles,2020-10-30,Alexanderfurt,personal,TRUE,2815
U0623,brownlaurie,2014-01-03,Leslieside,personal,TRUE,47289
U0624,ethomas,2000-09-25,Williamsonport,personal,TRUE,16168
U0625,beth66,1987-04-21,Bradshawhaven,personal,FALSE,26539
U0626,dakota01,2008-11-08 12:00:00,Noahfort,personal,FALSE,394
U0627,diazpaige,1998-09-22,Lake Martinshire,personal,FALSE,151
U0628,fsimmons,1984-11-09,Faulknerchester,personal,TRUE,852
U0629,lindasherman,1976-03-09,South Mitchellchester,personal,TRUE,1225
U0630,tdominguez,1992-09-15,North Danielle,personal,FALSE,9782
U0631,darylwoodward,1999-11-13,EAST TRACI,personal,TRUE,37
U0632,lisa25,1989-03-19,Osborneberg,personal,FALSE,23367
U0633,smithrobert,1997-11-09,West Melissamouth,personal,TRUE,799
U0634,lisalewis,2024-10-18,Seanborough,personal,FALSE,466
U0635,jwood,1975-07-16,Randyland,personal,TRUE,144
U0636,leemelissa,1982-02-16,Leeberg,personal,TRUE,40
U0637,nicoletaylor,2008-11-11,Matthewview,personal,FALSE,5689
U0638,xmeyer,2018-12-07,Lake Kimberlyborough,personal,TRUE,1269
U0639,cisneroserin,1992-04-11,East Joyce,personal,TRUE,83
U0640,wvasquez,2025-02-05,Aguilarshire,personal,FALSE,82
U0641,alvarezamber,24/11/1989,Murphyside,personal,TRUE,560
U0642,brendarobertson,2016-02-19,Williamsland,personal,FALSE,30885
U0643,rferrell,2005-05-12,Mcknightland,personal,TRUE,652
U0644,hortonderek,1997-01-07,Richardsburgh,personal,TRUE,54
U0645,davidrodriguez,1979-02-05,Thomaschester,personal,FALSE,670
U0646,natalie07,2023-08-15,Olsonport,personal,FALSE,635
U0647,christinamurillo,1994-02-28,Howeview,personal,FALSE,4
U0648,qchurch,1987-12-26,Brandontown,personal,FALSE,983
U0649,nwalsh,1982-03-12,East Michelleshire,personal,FALSE,690
U0650,raybrett,1990-12-24,Johnsonburgh,personal,TRUE,4413
U0651,jonathanellis,1993-10-27 12:00:00,,personal,TRUE,44263
U0652,sarahhancock,2006-11-08,New Shanefurt,personal,FALSE,10437
U0653,brucelambert,1994-05-15,New Ronald,personal,FALSE,640
U0654,davisbrian,1984-06-21,South Russell,personal,TRUE,119
U0655,dwright,1987-09-10,Dylanhaven,personal,TRUE,188474
U0656,amanda99,1984-11-17,Kristenside,personal,FALSE,1234
U0657,bwilliamson,1975-12-31,Petersonville,personal,FALSE,1127
U0658,oparker,2000-02-28,West Rachel,personal,TRUE,1044
U0659,ijohnson,1978-10-17,Lake Joshuaside,personal,TRUE,1629
U0660,ayoung,2003-06-16,East Amanda,personal,TRUE,821
U0661,bjohns,1991-07-27,MULLINSBURY,personal,TRUE,348
U0662,taylor81,2008-06-13,Lake Ashleyhaven,personal,FALSE,367
U0663,kevin35,2001-01-09,South Gregorychester,personal,TRUE,1027
U0664,whiteyvonne,1990-10-05,North Lauratown,personal,TRUE,369
U0665,marissatorres,2021-01-01,North Michael,personal,TRUE,263
U0666,bentonmiguel,2021-03-12,New Laura,personal,FALSE,1356
U0667,ferrellraymond,2024-06-30,Port Lindsey,personal,TRUE,658
U0668,joshuabell,2019-12-15,North Jason,personal,FALSE,22203
U0669,kelseyestrada,1980-05-15,Sullivanport,personal,FALSE,5
U0670,robertweiss,2003-04-11,Danielburgh,personal,FALSE,9730
U0671,julie97,1983-07-29,West Maryborough,personal,FALSE,13255
U0672,terri74,1971-11-09,Guerreroside,personal,FALSE,17
U0673,fnorton,2002-06-29,South Kevin,personal,FALSE,552
U0674,mhunt,2010-06-11,Ashleyside,personal,TRUE,521
U0675,margaret19,2017-04-18,Hubbardstad,personal,TRUE,65
U0676,kruegercheryl,2005-02-12 12:00:00,Donnashire,personal,TRUE,231
U0677,ssalazar,2019-06-06,Richardsonfurt,personal,TRUE,118
U0678,huberdanielle,1982-03-22,South Aliciaberg,personal,FALSE,36480
U0679,bautistaamy,1979-09-23,North Tracyberg,personal,TRUE,7124
U0680,james05,2007-03-22,Vanessaborough,personal,TRUE,13948
U0681,richardcarter,25/01/1994,Thomasbury,personal,TRUE,4644
U0682,huertasharon,1973-03-01,North Scott,personal,TRUE,114
U0683,victoria62,1983-10-30,Desireefurt,personal,TRUE,384
U0684,jarednelson,2011-04-25,Christinetown,personal,TRUE,2918
U0685,milleranthony,1989-07-18,South Josephbury,personal,TRUE,95
U0686,pmills,2012-03-11,East Randy,personal,FALSE,4564
U0687,floresalexander,1970-07-09,Claymouth,personal,FALSE,678
U0688,gaguirre,1983-10-20,West Daniel,personal,FALSE,518
U0689,thomascollins,1975-07-02,Bergerside,personal,FALSE,4545
U0690,ianmontgomery,1985-12-21,Jenniferberg,personal,TRUE,2666
U0691,kevinbrady,1998-02-19,GOODMANFORT,personal,TRUE,532
U0692,mcphersonjohn,1990-03-27,Meganland,personal,FALSE,11144
U0693,calhounlinda,2024-11-23,Bennettton,personal,FALSE,126
U0694,alexandra28,2006-12-25,Bakerborough,personal,FALSE,3758
U0695,brownmelanie,1986-09-18,Lake Linda,personal,TRUE,3591
U0696,robersonparker,1992-03-31,Timothyfurt,personal,TRUE,590
U0697,christophergutierrez,2022-11-29,West Zachary,personal,FALSE,2105
U0698,martinezjonathan,1988-06-16,Lisatown,personal,TRUE,89
U0699,kbrennan,1996-07-02,Wallacefurt,personal,FALSE,6960
U0700,fletcherkathy,1986-04-30,Ryanview,personal,TRUE,757
U0701,qmartin,2013-10-31 12:00:00,,business,TRUE,385
U0702,ruizsandra,2025-09-09,Jenniferchester,business,TRUE,8937
U0703,rogerjohnston,1995-01-16,Jessicamouth,business,FALSE,268
U0704,hcrawford,1980-04-25,Lake Elizabethborough,business,TRUE,65
U0705,zsanchez,1973-02-10,South Keith,business,TRUE,48
U0706,joshua80,1976-12-22,East Jamie,business,TRUE,3684
U0707,jasonhall,2004-11-20,Josephmouth,business,TRUE,84
U0708,jerome32,1986-03-10,Patriciaville,business,FALSE,36665
U0709,marissa95,1993-02-04,West Henry,business,FALSE,17
U0710,danny13,2025-04-10,Petersonside,business,FALSE,32627
U0711,brandonlee,1979-09-13,New Melinda,business,TRUE,1672
U0712,wendy51,1986-03-30,Walkerport,business,FALSE,903
U0713,floreschristy,2018-03-05,East Tony,business,FALSE,368
U0714,william24,1994-08-19,Joeltown,business,FALSE,2436
U0715,michellewilson,2011-02-01,Wagnerville,business,FALSE,1017
U0716,lisa51,2014-02-14,West Lisaville,business,FALSE,9962
U0717,haleyheather,1990-01-28,Lake Abigail,business,FALSE,1378
U0718,brownamy,2022-11-28,Mossberg,business,TRUE,1481
U0719,kevinrivera,1981-09-11,East Johnhaven,business,TRUE,529
U0720,dsloan,1977-10-06,Philipshire,business,FALSE,978
U0721,taylorreed,11/09/2000,WEST ROBERT,business,FALSE,2029
U0722,charles55,2015-03-16,New Joannamouth,business,FALSE,35
U0723,hernandezjacob,2009-01-25,East Angela,business,TRUE,73
U0724,thomas43,1977-08-02,Lake Eileen,business,TRUE,4849
U0725,kathleen76,2006-11-22,Taylorburgh,business,TRUE,1543
U0726,mharris,2000-10-18 12:00:00,East Coryberg,business,TRUE,759
U0727,terri35,1988-01-24,Brookstown,business,FALSE,1137
U0728,georgelawrence,1984-11-09,Wilsonhaven,business,TRUE,2197
U0729,carla96,1985-11-16,Lake Jenniferside,business,TRUE,372
U0730,hsanchez,1992-03-28,Hardintown,business,FALSE,231
U0731,debbie92,1989-12-14,Montoyaland,business,FALSE,1622
U0732,schmidtpeter,1992-11-09,Manningburgh,business,FALSE,154
U0733,xjones,1994-02-15,Johnsonport,business,TRUE,2481
U0734,christopher75,1976-03-30,Lake Kristin,business,FALSE,36
U0735,westlisa,1983-03-29,Reynoldsborough,business,FALSE,8589
U0736,chapmanheather,2011-10-30,West Brandyberg,business,TRUE,2821
U0737,mendezwilliam,2009-09-19,Sloanland,business,FALSE,1829
U0738,anthonyfernandez,1973-12-17,Dixonview,business,FALSE,7827
U0739,miguelrodriguez,1977-01-06,Matthewsview,business,FALSE,30667
U0740,lewisneil,2000-04-02,Englishtown,business,FALSE,8339
U0741,ramirezjoseph,2014-07-28,Whitneyshire,business,FALSE,27
U0742,victoriaparker,1972-01-31,Wardmouth,business,TRUE,84
U0743,ericpatton,1988-03-07,West Carrieport,business,TRUE,314
U0744,danielle83,1995-07-11,East Michaela,business,FALSE,1155
U0745,baileyjennifer,1999-10-08,Jessefurt,business,FALSE,3088
U0746,christopherwade,1997-01-15,East Julia,business,FALSE,256
U0747,bowersfrederick,2007-07-03,South Arthurside,business,FALSE,1593
U0748,westelizabeth,1980-05-28,Riddleberg,business,FALSE,242
U0749,byrdmegan,2001-10-12,South Danielborough,business,TRUE,322
U0750,delgadosusan,2000-07-15,Melissaview,business,FALSE,65
U0751,kevinmays,1978-06-04 12:00:00,,business,TRUE,173
U0752,jessica35,1970-04-18,South Christopher,business,FALSE,73
U0753,melindablack,1974-09-23,Port Jeffreyberg,business,FALSE,155
U0754,bbaker,1979-02-07,Port Debra,business,FALSE,9020
U0755,stevenhall,1996-10-27,South Morganville,business,TRUE,164
U0756,michael64,2003-04-21,Muellerfort,business,FALSE,212089
U0757,xwhite,2003-10-13,Jacobmouth,business,TRUE,2941
U0758,delgadobeth,1995-06-04,Millerborough,business,FALSE,1587
U0759,mary40,2013-04-10,South Katieport,business,FALSE,197
U0760,sallen,1990-02-12,New Francishaven,business,TRUE,4449
U0761,oroman,15/01/1988,East Natalieland,business,TRUE,346
U0762,william77,1998-07-17,Coxside,business,FALSE,1399
U0763,marybailey,2012-10-23,Tanyaville,business,FALSE,183536
U0764,edward50,2008-08-14,Williamsbury,business,FALSE,904
U0765,yhouston,1989-01-18,North Emilyburgh,business,TRUE,10922
U0766,laurenbradley,1975-05-27,Joannaburgh,business,TRUE,268
U0767,sophiabrown,1992-01-13,Burchton,business,FALSE,1022
U0768,tranrandy,1974-12-27,Brendaville,business,TRUE,37858
U0769,cmullins,1977-07-14,Peggychester,business,FALSE,312
U0770,cruzstacy,2001-01-25,East Adrienne,business,FALSE,41146
U0771,georgegonzalez,2023-06-28,Port Sarahmouth,business,FALSE,4516
U0772,bankscourtney,2001-09-10,Parsonstown,business,TRUE,356
U0773,graymond,1970-10-15,South Michaelburgh,business,TRUE,3884
U0774,campbelllaura,1976-08-28,Ericstad,business,TRUE,7670
U0775,cynthiasmith,2016-06-14,Torresview,business,TRUE,3803
U0776,jenniferthomas,2025-08-12 12:00:00,East Elaine,business,FALSE,47
U0777,chinton,1986-03-24,Harmonside,business,TRUE,256
U0778,jennifermorris,1993-04-07,South Breanna,business,FALSE,668
U0779,russellhannah,1981-11-26,Joshuaville,business,TRUE,944
U0780,gtaylor,1990-08-29,New Samanthabury,business,TRUE,3794
U0781,csmith,1988-11-08,LAKE JENNIFERCHESTER,bot,TRUE,1564
U0782,ndavis,2010-03-22,Reedside,bot,FALSE,75
U0783,christopher79,2017-12-23,Port Mistyhaven,bot,FALSE,2345
U0784,yudevin,2001-08-17,Curryport,bot,TRUE,3718
U0785,zkim,2014-05-02,Port Dianefurt,bot,FALSE,3359
U0786,nwebster,1970-03-18,Pamelatown,bot,FALSE,9523
U0787,jilliansanchez,2025-04-29,North John,bot,TRUE,5812
U0788,ricky97,1984-02-20,South Erikshire,bot,FALSE,2747
U0789,timothy82,1983-04-13,Matthewton,bot,FALSE,953
U0790,sdavenport,2018-08-10,Port Jenniferstad,bot,TRUE,39
U0791,ggreene,2010-06-23,Kathrynhaven,bot,FALSE,2589
U0792,bassjennifer,1978-02-16,Victoriaville,bot,FALSE,1661
U0793,shawanthony,1991-01-20,Wagnerville,bot,TRUE,1887
U0794,lbell,2011-08-18,East Ebonyview,bot,FALSE,85
U0795,danielle79,1980-09-20,Lesterfurt,bot,FALSE,126
U0796,yirwin,2024-08-23,East Jessica,bot,TRUE,9011
U0797,bushsamantha,2000-02-02,Moralesfort,bot,FALSE,1013
U0798,bodonnell,1989-06-30,Port Andrewbury,bot,FALSE,4285
U0799,regina24,1986-08-16,East Richardfurt,bot,TRUE,1160
U0800,justin04,1991-12-18,Christopherstad,bot,FALSE,1163
